{
  "metrics": {
    "iterations": {
      "type": "counter",
      "contains": "default",
      "values": {
        "count": 100,
        "rate": 6.424713209315081
      }
    },
    "http_req_duration{expected_response:true}": {
      "type": "trend",
      "contains": "time",
      "values": {
        "min": 181.0097,
        "med": 387.02625,
        "max": 908.1479,
        "p(90)": 696.70275,
        "p(95)": 783.3091099999999,
        "avg": 420.090163
      }
    },
    "http_req_failed": {
      "type": "rate",
      "contains": "default",
      "values": {
        "rate": 0,
        "passes": 0,
        "fails": 100
      }
    },
    "http_req_waiting": {
      "type": "trend",
      "contains": "time",
      "values": {
        "avg": 419.69226000000003,
        "min": 180.5598,
        "med": 386.47415,
        "max": 907.6416,
        "p(90)": 696.70275,
        "p(95)": 783.29316
      }
    },
    "http_req_receiving": {
      "type": "trend",
      "contains": "time",
      "values": {
        "p(90)": 0.37761000000000006,
        "p(95)": 0.5503949999999994,
        "avg": 0.08360700000000001,
        "min": 0,
        "med": 0,
        "max": 0.8952
      }
    },
    "data_sent": {
      "contains": "data",
      "values": {
        "count": 85800,
        "rate": 5512.40393359234
      },
      "type": "counter"
    },
    "iteration_duration": {
      "type": "trend",
      "contains": "time",
      "values": {
        "avg": 1620.2378460000002,
        "min": 559.0973,
        "med": 1013.05715,
        "max": 15563.3825,
        "p(90)": 3556.34335,
        "p(95)": 3823.7532199999887
      }
    },
    "http_req_blocked": {
      "type": "trend",
      "contains": "time",
      "values": {
        "avg": 1199.83771,
        "min": 344.9805,
        "med": 407.5443,
        "max": 15370.2427,
        "p(90)": 3348.8048300000005,
        "p(95)": 3569.483319999989
      }
    },
    "http_req_sending": {
      "type": "trend",
      "contains": "time",
      "values": {
        "avg": 0.314296,
        "min": 0,
        "med": 0,
        "max": 5.2826,
        "p(90)": 0.6160900000000001,
        "p(95)": 0.6742299999999991
      }
    },
    "http_req_connecting": {
      "contains": "time",
      "values": {
        "avg": 993.096168,
        "min": 150.5979,
        "med": 178.8577,
        "max": 15194.4625,
        "p(90)": 3163.9053,
        "p(95)": 3369.267074999989
      },
      "type": "trend"
    },
    "http_reqs": {
      "type": "counter",
      "contains": "default",
      "values": {
        "count": 100,
        "rate": 6.424713209315081
      }
    },
    "vus": {
      "values": {
        "value": 1,
        "min": 1,
        "max": 57
      },
      "type": "gauge",
      "contains": "default"
    },
    "checks": {
      "type": "rate",
      "contains": "default",
      "values": {
        "rate": 1,
        "passes": 100,
        "fails": 0
      }
    },
    "vus_max": {
      "contains": "default",
      "values": {
        "value": 100,
        "min": 100,
        "max": 100
      },
      "type": "gauge"
    },
    "http_req_duration": {
      "type": "trend",
      "contains": "time",
      "values": {
        "avg": 420.090163,
        "min": 181.0097,
        "med": 387.02625,
        "max": 908.1479,
        "p(90)": 696.70275,
        "p(95)": 783.3091099999999
      }
    },
    "http_req_tls_handshaking": {
      "type": "trend",
      "contains": "time",
      "values": {
        "max": 237.137,
        "p(90)": 218.3337600000001,
        "p(95)": 233.25133499999998,
        "avg": 183.811314,
        "min": 152.5741,
        "med": 171.99405000000002
      }
    },
    "data_received": {
      "type": "counter",
      "contains": "data",
      "values": {
        "count": 515537,
        "rate": 33121.77373790669
      }
    }
  },
  "root_group": {
    "path": "",
    "id": "d41d8cd98f00b204e9800998ecf8427e",
    "groups": [],
    "checks": [
        {
          "name": "status is 200",
          "path": "::status is 200",
          "id": "6210a8cd14cd70477eba5c5e4cb3fb5f",
          "passes": 100,
          "fails": 0
        }
      ],
    "name": ""
  },
  "options": {
    "summaryTimeUnit": "",
    "noColor": false,
    "summaryTrendStats": [
      "avg",
      "min",
      "med",
      "max",
      "p(90)",
      "p(95)"
    ]
  },
  "state": {
    "isStdOutTTY": true,
    "isStdErrTTY": true,
    "testRunDurationMs": 15564.8971
  }
}